bad worse ugly dirty down stopped negative,negative
good grand best awesome,positive
Apple's flagship iphone7 due for release in September,positive
Phone sales of apple are increased by 50% compared to last year,positive
Samsung's new release would affect the iphone sales this quarter,negative
Apple continues its grand run at stock market,positive
via @MebFaber https://t.co/qve4s7mNGZ,negative
This stock isnâ€™t ridiculous, you are. https://t.co/cVTY8HHQVQ,negative
Hot Links: Alarm Bells https://t.co/stxUepMCoj,negative
that's my signature move.  https://t.co/qFGDwl9hls,negative
we should team up - I can sense impending bankruptcy  https://t.co/FJwpNtkL1i,negative
HOT LINKS: ALARM BELLS,positive 
https://t.co/Lfq0sfAVbS https://t.co/lgJmvHBcIC,,negative
@georgepearkes gotcha. I'm keeping Mel Gibson though,negative
@HFBondsTrader @georgepearkes That's racist,negative
@georgepearkes disagree. Only because it's not possible to see everyone you follow's every utterance or interaction,positive
@brockwaymkm over and over,positive
if these consultants are considered experts in their field of choosing money managers, why are the results so poor?,positive
microsoft corporation digs deeper driverless vehicles volvo,positive
microsoft launches nokia perfect microsoft corporation unveiled investment,positive
microsoft launches nokia perfect microsoft corporation unveiled,positive
look alphabet inc microsoft driverless cars,positive
look alphabet inc microsoft driverless cars,positive
look alphabet inc microsoft driverless cars,positive
look alphabet inc microsoft driverless cars,positive
microsoft corporation announces nokia basic smartphone smartphone gadnoid,positive
microsoft corporation announces nokia basic smartphone,positive
morning stock honeywell international inc inc philip,positive
morning stock honeywell international inc inc philip morris,positive
morning stock companhia energetica de minas gerais honeywell international inc expedia,positive
harris corporation awarded million navy radar upgrade contracttuesday december,positive
worst performing stock acquirers multiple cap screener midweek,negative
kw standby kw diesel generator stock via,positive
stock joy global inc cummins inc,positive
stock cummins rally,positive
money trading stock investing,positive
stock forum updated wednesday december am,positive
totes baller dodge power wagon body swap stock ram yes cummins,positive
cummins breitburn energy partners joy global slumped cummins stock stockalert stocks,positive
money trading stock investing,positive
squawk jim cummins stock downgrade sent fear money stock news trading,negative
squawk jim cummins stock downgrade sent fear,negative
cmi cummins inc stock quote,positive
squawk jim cummins stock downgrade sent fear,negative
rt jimcramer stock downgrade fear,negative
squawk jim cummins stock downgrade,negative
rt stock downgrade fear,negative
stock downgrade fear,negative
squawk jim cummins stock downgrade sent fear,negative
squawk jim cummins stock downgrade sent fear,negative
bank america reaffirms rating cummins inc cummins inc stock,positive
cummins inc reiterated rating bank america underperform pt cmi,positive
stocks trade mixed ahead rbi auto sector shares cummins india mrf eiche,positive
stocks trade mixed ahead rbi auto sector shares cummins india mrf eiche,positive
cummins announces stock billion industrial sector market performance,positive
money trading stock investing,positive
money trading stock investing,positive
cmi cummins inc stock message board cmi invest stock,positive
stock price updated saturday november am,positive
cummins inc filings invest stock,positive
tons cummins gear stock enter code bf2015,positive
miss blow doors trucks try bro poor stock cummins,negative
cummins announces stock buyback cummins engine,positive
dodge pickups le dodge cummins spd rwd super nice stock,positive
yeah hold value look clean stock cummins plus day,positive
own tractor roll protection system lot safer extremely,positive
cummins generators available stock call email,positive
cmi stock cummins inc hit week low closing day,positive
cummins stock move soon profit options,positive
cummins stock move soon profit options trade,positive
cummins stock move soon profit options trade,positive
cummins stock move soon profit,positive
cummins stock move soon profit options trade via,positive
cummins stock move soon profit options trade,positive
money trading stock investing,positive
top investment amat applied materials stock charts,positive
active stocks applied materials united steel stocks newswire stock,positive
active stocks applied materials united steel stocks newswire stock market,positive
marijuana weed tsmc machinery applied,positive
marijuana weed umc machinery applied sa,positive
amat applied materials inc stock message board amat stock investing,positive
amat applied materials inc low amat stock nasdaq,negative
applied materials leader stock,positive
amat applied materials inc trade amat tradeideas investing,positive
applied materials inc downgrade needham co hold amat,negative
applied materials stock rating lowered vetr inc applied materials inc nasdaq,negative
applied materials stock rating lowered vetr inc,negative
applied materials stock rating lowered vetr inc,negative
applied materials inc stock forum invest nasdaq,positive
analyst action susquehanna marriott international class common,positive
analyst action susquehanna marriott international class common,positive
money trading stock investing,positive
analyst action susquehanna marriott international class common,positive
money trading stock investing,positive
analyst action susquehanna marriott international class common,positive
analyst action susquehanna marriott international class common,positive
morning stock gamestop corp marriott international inc mylan lockheed martin,positive
analyst action susquehanna marriott international class common,positive
marriott international stock price target,positive
morning stock ultra petroleum corp kosmos energy ltd box inc navios maritime,positive
money trading stock investing,positive
hr job stock plan manager expedia inc bellevue wa expediajobs jobs hiring,positive
money trading stock investing,positive
money trading stock investing,positive
expedia inc announces pricing private offering senior notes stock news alerts app,positive
event reminder expedia inc stock news alerts app,positive
hackit hosting expedia hackathon stock lifeatexpedia,positive
hackit hosting expedia hackathon stock lifeatexpedia,positive
hosting expedia hackathon stock lifeatexpedia hack,positive
hosting expedia hackathon stock lifeatexpedia hack,positive
hosting hackathon stock lifeatexpedia,positive
expedia inc announces proposed private offering senior notes,positive
mass cut chicago staff layoffs,negative
expedia inc hiring bellevue click hr expediajobs job jobs,positive
investment news mass cut chicago staff,negative
mass cut chicago staff hotelmanagement travel,negative
mass cut chicago staff,negative
trending expe stock charts expedia inc,positive
expe expedia inc stock message board expe investing investing,positive
expe facebook inc stock forum expe stockmarket invest,positive
rt play online travel market,positive
rt time sell priceline,positive
play online travel market,positive
expe expedia inc change expe finance stock,positive
expe expedia inc message board posts expe stock share,positive
time sell priceline,positive
travel costco walmart stock buy liquor expediachat,positive
try stock gift cards expensive plus deals expediachat,positive
expe expedia inc low expe stockmarket stocks,negative
closing bell macrocure ltd wisdomtree europe hedged equity fund expedia inc,positive
expedia inc participate credit suisse technology conference stock ,positive
expedia stock declines following worldwide travel alert,negative
expedia stock declines following worldwide travel alert,negative
bidness etc expedia inc stock crashes voice chronicle,negative
expe expedia inc day expe share stock,positive
expedia inc stock crashes voice chronicle stock,negative
expe expedia inc bid expe stock tradeideas,positive
expedia inc stock crashes voice chronicle hotelmanagement travel,negative
expedia inc stock crashes voice chronicle stock,negative
morning stock companhia energetica de minas gerais honeywell international inc expedia,positive
money trading stock investing,
smoking weed bamboo sipping private stock red black lumberjack hat match,positive
attractive girl warm knitted hat adolescence art attractive,positive
red hat financial red hat red hot stock hit cyclical billing,
,positive
nuance baird maintained price tar,positive
red hat inc consensus price target redhat,positive
red hat inc consensus price target,positive
red hat red hot stock hit cyclical billing nuance investment bank ,positive
robert baird lowered q4 billings,negative
stock ready ship star trek tos red shirt hat,positive
sipping private stock red black lumberjack hat match,positive
racing driver red bull racing f1 team cap hat stock f1,positive
rt red hat rocket ship,positive
red hat rocket ship,positive
wit privet stock red black lumber jack hat,positive
red hat overlooked tech stock fire,negative
stocks fade yellen qualcomm yahoo buoy nasdaq,negative
marketmovers moves qualcomm china agree sells stock,positive
stock surges patent license deal china news market business,positive
qcom qualcomm inc price qcom investing stock,positive
rt qualcomm stock soars xiaomi patent license agreement,positive
rt qualcomm stock soars xiaomi patent license agreement,positive
judgemental tidy inactive stock anna bland qualcomm glance note,positive
cash reserves flat display trappings cloud jtof,positive
qualcomm stock soars xiaomi patent license agreement,positive
stock surges patent license deal china china,positive
qcom qualcomm inc change qcom stock invest,positive
rt stocks fade yellen qualcomm yahoo buoy nasdaq,negative
rt stocks fade yellen qualcomm yahoo buoy nasdaq,negative
miss marketmovers active qualcomm china agreement stock sale,negative
rt stocks fade yellen qualcomm yahoo buoy nasdaq,negative
rt stocks fade yellen qualcomm yahoo buoy nasdaq,negative
piranha stocks fade yellen qualcomm yahoo buoy nasdaq,negative
market stock futures struggle direction yahoo qualcomm jump,negative
market stock futures struggle direction yahoo qualcomm jump,negative
stock surges patent license deal china,positive
stocks fade yellen qualcomm yahoo buoy nasdaq,negative
stocks fade yellen qualcomm yahoo buoy nasdaq,negative
stocks fade yellen qualcomm yahoo buoy nasdaq,negative
qcom qualcomm inc summary qcom investing stockmarket,positive
qualcomm stock finally looks bargain buy,positive
rt stocks fade yellen qualcomm yahoo buoy nasdaq,negative
rt stocks fade yellen qualcomm yahoo buoy nasdaq,negative
rt stocks fade yellen qualcomm yahoo buoy nasdaq,negative
stocks fade yellen qualcomm yahoo buoy nasdaq,negative
rt stocks fade yellen qualcomm yahoo buoy nasdaq,negative
rt stocks fade yellen qualcomm yahoo buoy nasdaq,negative
stocks fade yellen qualcomm yahoo buoy stocks fell session lows afternoon trading,negative
stocks fade yellen qualcomm yahoo buoy nasdaq,negative
stocks fade yellen qualcomm yahoo buoy nasdaq,negative
rt stock surges patent license deal china news market business,
,positive
stock qualcomm incorporated qualcomm surges,positive
qualcomm stock finally looks bargain buy,positive
marketmovers yahoo makes moves agree twitter stock sale,positive
stock surges patent license deal china news market business,positive
deals china agreement cofounder sells stock,positive
dtn stock qualcomm shares surge licensing yahoo rallies reports core internet business,positive
qualcomm stock soars xiaomi license agreement tech stocks,positive
dtn stock qualcomm shares surge licensing yahoo rallies reports ,positive
qualcomm inks license deal xiaomi,positive
finally welcome news qualcomm stock dramatically underperformed,
qcom qualcomm stock quote,negative
stock surges patent license deal china marketwatch,positive
stock surges patent license deal china marketwatch,positive
stock surges patent license deal china via,positive
stock surges patent license deal china money stock news trading,positive
qualcomm inc shares soar premarket trading license agreement signed develop,positive
qualcomm stock soars xiaomi license agreement,positive
rt news qualcomm reaches licensing deal xiaomi stock,positive
news qualcomm reaches licensing deal xiaomi stock,positive
stock climbs patent license deal china news market business,positive
rt stock surges patent license deal china stock surges patent,positive
qualcomm yahoo lead gainers headline breaking news delivered min,positive
stock surges patent license deal china stock surges patent,positive
stock surges patent license deal china marketwatch,positive
piranha nasdaq leads mixed yahoo qualcomm,positive
marijuana weed update license patents chinese mobile phone mak,positive
qualcomm stock soars xiaomi license agreement,positive
rt nasdaq leads mixed yahoo qualcomm,positive
qualcomm shares advance action,positive
qualcomm stock soars xiaomi license,positive
stock futures struggle direction qualcomm jump,negative
qualcomm stock soars xiaomi license agreement,positive
qualcomm stock soars xiaomi license agreement,positive
stock futures struggle direction yahoo qualcomm jump g3e,negative
qualcomm yahoo lead gainers,positive
qualcomm shares advance action,positive
qualcomm yahoo lead gainers,positive
qualcomm shares advance action,positive
nasdaq leads mixed yahoo qualcomm stock futures trudged mixed wednesd,positive
rt nasdaq leads mixed yahoo qualcomm,positive
rt nasdaq leads mixed yahoo qualcomm,positive
nasdaq leads mixed yahoo qualcomm,positive
qualcomm yahoo lead gainers,positive
qualcomm shares advance action,positive
rt stock surges patent license deal china,positive
qualcomm yahoo lead gainers,positive
qualcomm shares advance action,positive
qualcomm yahoo lead gainers marketwatch business finance,positive
qualcomm shares advance action marketwatch business finance,positive
qualcomm yahoo lead gainers,positive
market stock futures struggle direction yahoo qualcomm jump stocks,negative
market stock futures struggle direction yahoo qualcomm jump,negative
stock futures struggle direction yahoo qualcomm business finance,negative
rt nasdaq leads mixed yahoo qualcomm,positive
nasdaq leads mixed yahoo qualcomm,positive
nasdaq leads mixed yahoo qualcomm,positive
stock surges patent license deal china,positive
stock surges fbn,positive
active morning united steel corporation nokia news oracle stock market,positive
rt active morning united steel corporation nokia news oracle stock market,positive
active morning united steel corporation nokia news oracle stock market,positive
active oracle corporation deere comp,positive
oracle corporation stock buy insider monkey,positive
oracle corporation stock buy money stock news trading,positive
oracle corporation stock oracle corporation investment pursue,positive
oracle corporation stock oracle corporation investment pursue,positive
oracle corporation stock buy insider monkey,positive
oracle corporation stock buy,positive
oracle corporation stock buy,positive
oracle corporation stock buy tech stocks,positive
oracle corporation stock buy tech market,positive
orcl oracle corp message board posts orcl invest stock,positive
orcl oracle corporation stock price detailed quote,positive
hot du pont de nemours co anadarko petroleum news oracle,positive
orcl oracle corp ratio orcl stock nasdaq,positive
genomics trend analysis oracle corporation cf industries holdings inc rose,positive
orcl oracle corporation stock price detailed quote,positive
rt graduate phillips exeter graduate harvard ton money,positive
graduate phillips exeter graduate harvard ton money,positive
forex stock exchange investments billions dollars invested forex day,positive
phillips stock rating lowered vetr inc,negative
rt holiday mini wienerrover buy tweet restocked,positive
rt mark zuckerberg priscilla chan plan donate facebook stock time,positive
psx phillips short sales psx stock invest,positive
phillips stock price close day december,positive
own steve sanson veterans politics alan stock check details,positive
heusen corporation rated buy price target ubs pvh,positive
morning stock hormel foods corporation phillips amgen inc cliffs natural resources,positive
rt stock phillips beard trimmer,positive
stock phillips beard trimmer,positive
rt phillips common stock reported insider buying,positive
phillips common stock reported insider buying,positive
forex stock market mutual funds gold silver etc yes,positive
psx phillips day psx investing tradeideas,positive
forex stock exchange investments billions dollars invested forex day,positive
psx phillips bid psx pennystocks invest,positive
looking bc craft beer advent calendars phillips parallel city stock,positive
garrick stock co philadelphia eugene phillips pgs,positive
forex stock market mutual funds gold silver etc yes,positive
nascar chad little phillips racing team stock car collec,positive
forex stock exchange investments billions dollars invested forex day,positive
phillips initiated coverage citigroup buy pt psx,positive
james phillips sells shares africa oil corp stock,positive
james phillips sells shares africa oil corp stock,positive
phillips common stock reported insider buying,positive
rt godfrey phillips stock sessions volumes cooking,positive
rt godfrey phillips stock sessions volumes cooking,positive
rt rt godfrey phillips stock sessions,positive
rt godfrey phillips stock sessions volumes cooking,positive
rt godfrey phillips stock sessions volumes cooking,positive
rt godfrey phillips stock sessions volumes cooking,positive
rt godfrey phillips stock sessions volumes cooking,positive
godfrey phillips stock sessions volumes cooking,positive
insider africa oil corp insider james phillips sells shares stock,positive
insider africa oil corp insider james phillips sells shares stock,positive
closing bell energy services ltd capital financial corporation jumei international,positive
insider africa oil corp insider james phillips sells shares stock,positive
heusen corporation rated outperform price target telsey advisory pvh,positive
psx phillips change psx finance invest,positive
forex stock exchange investments billions dollars invested forex day,positive
phillips stock rating lowered goldman sachs,negative
phillips stock rating lowered goldman sachs,negative
ertl diecast phillips ford anniv truck stock,positive
netapp stock rating reaffirmed citigroup inc netapp inc nasdaq,positive
netapp stock rating reaffirmed citigroup inc,positive
swks ishares barclays treasury bond fund ideas swks stock stockmarket,positive
skyworks solutions inc stock rating lowered vetr inc,negative
skyworks solutions inc stock rating lowered vetr inc acn,negative
skyworks solutions inc stock rating lowered vetr inc,negative
swks skyworks solutions inc stock message board swks tradeideas share,positive
swks skyworks solutions inc yield swks invest stockmarket,positive
swks skyworks solutions inc quotes swks stock tradeideas,positive
skyworks solutions leader stock,positive
svxy skyworks solutions inc volume svxy investing stockmarket,positive
swks stock charts skyworks solutions inc swks stock,positive
sec skyworks solutions inc stock news alerts app,positive
swks skyworks solutions inc swks investing share,positive
swks proshares ultrashort treasury date swks stock stockmarket,positive
svxy skyworks solutions inc size svxy stock stocks,positive
skyworks solutions inc president sells stock,positive
skyworks solutions inc president sells skyworks solutions,positive
trending swks stock charts skyworks solutions,positive
swks skyworks solutions inc stock quote,positive
swks stock charts skyworks solutions inc swks stock,positive
swks skyworks solutions inc stock quote,positive
swks skyworks solutions inc message board posts swks stock nasdaq,positive
swks skyworks solutions inc quotes swks tradeideas stock,positive
rt swks skyworks solutions inc stock quote,positive
rt swks skyworks solutions inc stock quote,positive
swks skyworks solutions inc stock forum swks investing tradeideas,positive
swks skyworks solutions inc investor opinions swks nasdaq stock,positive
stock forum updated friday november pm,positive
swks skyworks solutions inc chart swks share finance,positive
swks skyworks solutions inc quotes swks stock nasdaq,positive
svxy skyworks solutions inc volume svxy invest nasdaq,positive
svxy skyworks solutions inc ideas svxy stocks stockmarket,positive
insider liam griffin sells shares skyworks solutions stock,positive
swks skyworks solutions inc stock price detailed quote,positive
swks skyworks solutions inc prev close swks stock nasdaq,positive
insider skyworks solutions president liam griffin sells shares stock,positive
insider skyworks solutions president liam griffin sells shares stock,positive
insider skyworks solutions vp sells shares stock,positive
insider skyworks solutions vp sells shares stock acn,positive
insider skyworks solutions vp sells shares stock,positive
insider skyworks solutions vp sells shares stock,positive
sec skyworks solutions inc stock news alerts app,positive
swks skyworks solutions inc trade swks tradeideas investing,positive
morning stock statoil asa stores inc energy transfer equity,positive
swks skyworks solutions inc company info swks invest stock,positive
skyworks solutions stock rating reaffirmed clsa,positive
skyworks solutions stock rating reaffirmed clsa acn,positive
skyworks solutions stock rating reaffirmed clsa,positive
skyworks solutions stock rating reaffirmed clsa,positive
skyworks solutions inc reiterated rating clsa outperform pt swks,positive
swks skyworks solutions inc date swks nasdaq stock,positive
sec skyworks solutions inc stock news alerts app,positive
skyworks solutions president sells stock,positive
skyworks solutions vp sells stock,positive
morning stock ebay inc celladon corporation skyworks solutions inc,positive
hot stock skyworks solutions,positive
rt gs goldman sachs inc stock message board gs nasdaq share,positive
badbank goldman sachs inc stock dropped currently priced,negative
gs goldman sachs inc stock message board gs nasdaq share,positive
gs goldman sachs inc shares gs share investing,positive
gs goldman sachs inc exchange gs stock stockmarket,positive
goldman sachs inc stock forum invest stocks,positive
goldman sachs inc yield stock invest,positive
gs halliburton co shares gs stock investing,positive
gs goldman sachs inc stock message board gs tradeideas pennystocks,positive
capital management llc goldman sachs financial services conference stock news alerts app,positive
babcock international plc stock rating reaffirmed goldman babcock international pl,positive
babcock international plc stock rating reaffirmed goldman babcock international pl,positive
goldman sachs inc stock forum stockmarket share,positive
babcock international plc stock rating reaffirmed goldman sachs,positive
goldman sachs inc current price stockmarket stock,positive
goldman sachs inc quotes investing finance,positive
goldman sachs inc rise stock bullish options session goldm,positive
goldman sachs inc rise stock bullish options session goldm,positive
gs goldman sachs inc low gs investing stock,negative
gs goldman sachs inc tick gs invest share,positive
tal education boost price target goldman sachs buy pt xrs,positive
gs goldman sachs inc chart gs stock investing,positive
alibaba holding limited boost price target goldman sachs pt baba,positive
trending gs stock charts goldman sachs,positive
gs goldman sachs inc low gs invest tradeideas,positive
gs goldman sachs inc stock price detailed,positive
gs goldman sachs inc quotes gs share nasdaq,positive
gs hortonworks inc day low gs finance invest,negative
gs harvard apparatus regenerative technology inc price gs,positive
gs goldman sachs inc change gs stockmarket stock,positive
gs goldman sachs inc low gs stockmarket stock,negative
imperial tobacco stock rating reconfirmed goldman gbx currently,positive
airbus se stock rating reaffirmed goldman sachs airbus se stock,positive
gs goldman sachs inc change gs stockmarket stock,positive
gs goldman sachs inc trade gs stock stockmarket,positive
rt goldman sachs goldmansachs sentiment stock analysis bigdata,positive
goldman sachs goldmansachs sentiment stock analysis bigdata,positive
gs goldman sachs inc summary gs stock stockmarket,positive
drax plc stock rating reaffirmed goldman sachs drax stoxx600,positive
gs goldman sachs inc exchange gs tradeideas stock,positive
gs goldman sachs inc financials gs stock stocks,positive
target goldman sachs reaffirms rating plc,positive
target goldman sachs reaffirms rating,positive
drax plc stock rating reaffirmed goldman sachs drax stoxx600,positive
drax plc stock rating reaffirmed goldman sachs,positive
stock message board updated wednesday november am,
gs goldman sachs inc gs pennystocks invest,positive
badbank goldman sachs inc stock dropped currently priced,negative
intertek plc stock rating reaffirmed goldman sachs acn active goldman sachs inc,positive
goldman sachs inc stock message board share nasdaq,positive
sunedison inc rise stock increase stock sunedison inc sune,positive
twitter inc vp sells shares twitter inc traded mi,positive
heritage insurance holdings inc director sells heritage insurance holdings,positive
heritage insurance holdings inc director sells heritage insurance holdings,positive
heritage insurance holdings inc director sells heritage insurance holdings,positive
check twitter inc vp sells twitter inc vp data ad,positive
john marshall sells shares gold inc gold inc insider john marshall,positive
john marshall sells shares gold inc gold inc insider john marshall,positive
twitter inc vp sells stock,positive
insider virtus investment partners inc svp sells shares virtus investment partne,positive
insider aduro biotech inc insider sells shares aduro biot biotechews biotech,positive
insider ebay inc svp sells shares stock ebay,positive
insider haverty furniture companies inc evp sells shares haverty furniture com,positive
erwin et al haitzmann sells shares century casinos inc stock,positive
insider diplomat pharmacy inc president sells shares diplomat pharmacy logo di,positive
inc ceo sells stock,positive
company eog resources inc eog resources declares quarterly,positive
altigen communications inc earnings update altigen communications,positive
vitamin shoppe inc hours following buyback shares vitamin shoppe inc,positive
apple aapl stock snack food bears money stock news trading,positive
synchronoss technologies inc evp chris halbard sells shares synchronoss tech,positive
comcastcable time warner banks expansion advertising revenue time warner comcasttimewarner,positive
tesla motors inc talks european utilities supply batteries energy tesla motors,positive
stock momentum inc inc received momentum style score zacks,positive
rt apple apple pay missing black friday,negative
rt twitter happens twtr stock skyrocket,positive
twitter happens twtr stock skyrocket,positive
tesla motors inc talks european utilities supply batteries energy storage,positive
insider diplomat pharmacy inc svp sells shares diplomat pharmacy logo diplomat,positive
google inc reiterated rating mizuho buy googl,positive
inc absolutely dominating devices,positive
starwood extends deal design names recently starwood hotels resorts worldwide inc,positive
apple apple pay missing black friday,negative
stephen zelnak jr sells shares martin marietta materials inc business rec,positive
apple aapl stock snack food bears apple,positive
apple applepay missing black friday,negative
apple inc stock hints weak iphone demand,negative
apple apple pay missing black friday,negative
ebay inc director buys stock ebay,positive
tesla motors inc pump brakes tesla stock breakout global climate summit paris,positive
verizon forges ahead iot chalks go90 plans telecom behemoth,positive
medical marijuana inc unveils cannabidiol hemp oil products rsho mct oil medicaldagga,positive
tesla motors inc pump brakes tesla stock breakout,positive
mu send micron technology inc shares soaring,positive
therapeuticsmd inc stock price manufactures distributes branded generic prescriptio,positive
apple inc stock hints weak iphone demand appleiphone,negative
apple inc stock hints weak iphone demand appleiphone,negative
december hp shares fall hp,negative
qualcomm inc shares soar premarket trading license agreement signed develop,positive
sierra wireless inc stock sank november iot,negative
stephen zelnak jr sells shares martin marietta materials inc martin marietta mater,positive
google inc boost price target evercore buy pt googl,positive
rt healthcare changes eli lilly co abbott laboratories,positive
healthcare changes eli lilly co abbott laboratories,positive
diamond offshore drilling inc covered evercore isi stock target,positive
sunedison inc stock path sunedison inc stock rallied sune,
analyst target groupon inc,positive
sierra wireless inc stock sank shares sierra wireless fell iot,negative
goog stock google cooking alphabet stock price surged solid,positive
stock technical fundamental report pinnacle entertainment inc,positive
apple inc rumored launch macbook air wwdc total analysts coverin appletv,positive
noticeable fifth third bancorp yamana gold inc,positive
quotient technology inc stock crashing,negative
forget tsla stock bullish tesla motors tesla motors inc,negative
forget tsla stock bullish tesla motors inc via,negative
forget tsla stock bullish tesla motors inc,negative
goog google cooking google stock alphabet stock price surg,positive
ebay inc director paul pressler buys stock,positive
ebay inc director paul pressler buys stock ebay,positive
arrow electronics inc stock rating lowered zacks investment research,negative
oramed pharmaceuticals inc stock rating reaffirmed fbr co,positive
stock update dragonwave inc announces special meeting consider,positive
sleep country canada holdings inc gain strenght stock gapped insomnia sleep,positive
nq mobile inc stock plunged,negative
martin marietta materials inc director stephen zelnak jr sells shares martin marie,positive
generalmotorsnews motors company evp sells stock taking look,positive
motors generalmotors sentiment stock analysis bigdata,positive
motors company evp sells stock,positive
generalmotorsnews insider james deluca sells shares motors company stock,positive
insider james deluca sells shares motors company stock,positive
insider james deluca sells shares motors company stock,positive
gm motors co message board posts gm tradeideas stock,positive
changes motors company,positive
motors company stock rating upgraded goldman sachs,positive
marvell technology ltd reiterated rating cowen co outperform mrvl,positive
hot stock marvell technology ltd supercom ltd,positive
marvell technology ltd stock price target,positive
marvell technology ltd stock price target,positive
nokia corporation shares shareholdesr approve merger,negative
active morning united steel corporation nokia news oracle stock market,positive
rt active morning united steel corporation nokia news oracle stock market,positive
active morning united steel corporation nokia news oracle stock market,positive
nokia corporation upgrade credit suisse outperform nok,positive
nokia corporation c1 smartphone run android windows smartphone gadnoid,positive
nokia corporation c1 smartphone run android windows,positive
nokia corporation c1 smartphone run android windows independent reporter,positive
nokia corporation c1 smartphone run android windows,positive
nokia corporation c1 smartphone run android windows independent reporter,positive
nokia corporation c1 smartphone run android windows independent reporter,positive
rt microsoft corporation announces nokia basic smartphone,positive
microsoft corporation announces nokia basic smartphone,positive
microsoft corporation announces nokia basic smartphone,positive
active stock united steel corporation nokia stocks newswire,positive
active stock united steel corporation nokia stocks newswire stock market,positive
active stock united steel corporation nokia stocks newswire stock market,positive
microsoft launches nokia perfect microsoft corporation unveiled investment,positive
microsoft launches nokia perfect microsoft corporation unveiled,positive
microsoft corporation announces nokia basic smartphone smartphone gadnoid,positive
microsoft corporation announces nokia basic smartphone,positive
akamai technologies inc upgrade janney montgomery scott buy akam,positive
sizzling hot stock tdc teradata corp stock charts,positive
active tdc teradata corp stock charts,positive
